Sr.No,Start Time,End Time,Elapsed Time,Remark
1,2014-12-12 17:05:29.402692,2014-12-12 17:06:20.824624,0:00:51.421932,PASS
2,2014-12-12 17:06:39.487415,2014-12-12 17:07:31.190151,0:00:51.702736,PASS
3,2014-12-12 17:07:53.101869,2014-12-12 17:08:44.535100,0:00:51.433231,PASS
4,2014-12-12 17:09:06.291113,2014-12-12 17:09:57.953536,0:00:51.662423,PASS
5,2014-12-12 17:10:05.618786,2014-12-12 17:10:57.118036,0:00:51.499250,PASS
6,2014-12-12 17:12:23.689385,2014-12-12 17:13:15.063980,0:00:51.374595,PASS
7,2014-12-12 17:20:57.275497,2014-12-12 17:21:48.677597,0:00:51.402100,PASS
8,2014-12-12 17:23:04.091032,2014-12-12 17:23:55.434065,0:00:51.343033,PASS
9,2014-12-12 17:24:11.631618,2014-12-12 17:25:03.322814,0:00:51.691196,PASS
10,2014-12-12 17:25:47.312071,2014-12-12 17:26:39.030408,0:00:51.718337,PASS
11,2014-12-12 17:27:23.868282,2014-12-12 17:28:15.323876,0:00:51.455594,PASS
12,2014-12-12 17:28:30.213526,2014-12-12 17:29:21.582456,0:00:51.368930,PASS
13,2014-12-12 17:39:10.059526,2014-12-12 17:40:01.716349,0:00:51.656823,PASS
